Date,Open,High,Low,Close,Volume
2019-02-27,43.3025,43.75,43.1825,43.7175,111270560
2019-02-28,43.58,43.7275,43.23,43.2875,111815240
2019-03-01,43.57,43.7875,43.2225,43.7425,102950240
2019-03-04,43.9225,44.4375,43.4925,43.9625,109652240
2019-03-05,43.985,44,43.635,43.8825,76953920
2019-03-06,43.6675,43.8725,43.485,43.63,83020560
2019-03-07,43.4675,43.61,43.005,43.125,99021880
2019-03-08,42.58,43.2675,42.375,43.2275,95943840
2019-03-11,43.8725,44.78,43.8375,44.725,124492000
2019-03-12,45,45.6675,44.8425,45.2275,129667200
2019-03-13,45.5625,45.825,45.23,45.4275,123718960
2019-03-14,45.975,46.025,45.64,45.9325,94110640
2019-03-15,46.2125,46.8325,45.935,46.53,156069960
2019-03-18,46.45,47.0975,46.4475,47.005,104594360
2019-03-19,47.0875,47.2475,46.48,46.6325,125761200
2019-03-20,46.5575,47.3725,46.1825,47.04,124013520
2019-03-21,47.505,49.0825,47.4525,48.7725,203772480
2019-03-22,48.835,49.4225,47.695,47.7625,169150560
2019-03-25,47.8775,47.995,46.65,47.185,175007240
2019-03-26,47.916,48.22,46.145,46.6975,198784400
2019-03-27,47.1875,47.44,46.6375,47.1175,119084840
2019-03-28,47.2375,47.3897,46.8825,47.18,82841560
2019-03-29,47.4575,47.52,47.135,47.4875,94099320
2019-04-01,47.91,47.92,47.095,47.81,109232800
2019-04-02,47.7725,48.615,47.7625,48.505,90909480
2019-04-03,48.3125,49.125,48.2875,48.8375,92972640
2019-04-04,48.6975,49.0925,48.285,48.9225,76360200
2019-04-05,49.1125,49.275,48.9825,49.25,73892280
2019-04-08,49.105,50.0575,49.085,50.025,103319520
2019-04-09,50.08,50.7125,49.8075,49.875,142953120
2019-04-10,49.67,50.185,49.545,50.155,86619000
2019-04-11,50.2125,50.25,49.6108,49.7375,82172760
2019-04-12,49.8,50.035,49.0525,49.7175,110954320
2019-04-15,49.645,49.9625,49.5025,49.8075,70096600
2019-04-16,49.865,50.3425,49.64,49.8125,102673320
2019-04-17,49.885,50.845,49.6525,50.7825,115461240
2019-04-18,50.78,51.0375,50.63,50.965,96742120
2019-04-22,50.7075,51.235,50.585,51.1325,71367680
2019-04-23,51.1075,51.9375,50.975,51.87,93145520
2019-04-24,51.84,52.12,51.7625,51.79,69710280
2019-04-25,51.7075,51.94,51.28,51.32,73855400
2019-04-26,51.225,51.25,50.53,51.075,74451080
2019-04-29,51.1,51.4925,50.965,51.1525,88041440
2019-04-30,50.765,50.85,49.7775,50.1675,183004640
2019-05-01,52.47,53.8275,52.3075,52.63,259309320
2019-05-02,52.46,53.1625,52.0325,52.2875,127985280
2019-05-03,52.7225,52.96,52.5575,52.9375,83569520
2019-05-06,51.0725,52.21,50.875,52.12,129772440
2019-05-07,51.47,51.8544,50.2062,50.715,155054800
2019-05-08,50.475,51.335,50.4375,50.725,105358000
2019-05-09,50.1,50.42,49.165,50.18,139634440
2019-05-10,49.3548,49.7125,48.1925,49.295,164834840
2019-05-13,46.9275,47.37,45.7125,46.43,229722480
2019-05-14,46.6025,47.425,46.3525,47.165,146118720
2019-05-15,46.5675,47.9375,46.505,47.73,106178880
2019-05-16,47.4775,48.1172,47.21,47.52,132125440
2019-05-17,46.7325,47.725,46.69,47.25,131516360
2019-05-20,45.88,46.0872,45.071,45.7725,154449160
2019-05-21,46.305,47,46.175,46.65,113459400
2019-05-22,46.165,46.4275,45.6375,45.695,118994240
2019-05-23,44.95,45.135,44.4525,44.915,146118960
2019-05-24,45.05,45.535,44.655,44.7425,94858760
2019-05-28,44.73,45.1475,44.4775,44.5575,111792640
2019-05-29,44.105,44.8375,44,44.345,113924680
2019-05-30,44.4875,44.8075,44.1675,44.575,84873640
2019-05-31,44.0575,44.4975,43.7475,43.7675,108174320
2019-06-03,43.9,44.48,42.5675,43.325,161584280
2019-06-04,43.86,44.9575,43.63,44.91,123871840
2019-06-05,46.07,46.2475,45.285,45.635,119093720
2019-06-06,45.77,46.3675,45.5372,46.305,90105240
2019-06-07,46.6275,47.98,46.4425,47.5375,122737560
2019-06-10,47.9525,48.8425,47.905,48.145,104883400
2019-06-11,48.715,49,48.4,48.7025,107731520
2019-06-12,48.4875,48.9925,48.3462,48.5475,73012760
2019-06-13,48.675,49.1975,48.4,48.5375,86698520
2019-06-14,47.8862,48.3966,47.575,48.185,75045880
2019-06-17,48.225,48.74,48.0425,48.4725,58676560
2019-06-18,49.0125,50.0725,48.8025,49.6125,106204000
2019-06-19,49.92,49.97,49.3275,49.4675,84496960
2019-06-20,50.0925,50.1525,49.5075,49.865,86055960
2019-06-21,49.7,50.2125,49.5375,49.695,191202360
2019-06-24,49.635,50.04,49.5425,49.645,72881680
2019-06-25,49.6075,49.815,48.8225,48.8925,84281320
2019-06-26,49.4425,50.2475,49.3375,49.95,104270040
2019-06-27,50.0725,50.3925,49.8925,49.935,83598880
2019-06-28,49.67,49.8738,49.2625,49.48,124442560
2019-07-01,50.7925,51.1225,50.1625,50.3875,109266960
2019-07-02,50.3525,50.7831,50.34,50.6825,67740880
2019-07-03,50.82,51.11,50.6725,51.1025,45448200
2019-07-05,50.8375,51.27,50.725,51.0575,69062080
2019-07-08,50.2025,50.35,49.6025,50.005,101354520
2019-07-09,49.8,50.3775,49.7025,50.31,82312080
2019-07-10,50.4625,50.9325,50.39,50.8075,71588560
2019-07-11,50.8275,51.0975,50.4275,50.4375,80767360
2019-07-12,50.6125,51,50.55,50.825,70380840
2019-07-15,51.0225,51.4675,51,51.3025,67789680
2019-07-16,51.1475,51.5275,50.875,51.125,67467280
2019-07-17,51.0125,51.2729,50.8175,50.8375,56429800
2019-07-18,51,51.47,50.925,51.415,74328640
2019-07-19,51.4475,51.625,50.59,50.6475,83717240
2019-07-22,50.9125,51.8075,50.9025,51.805,89111720
2019-07-23,52.115,52.2275,51.8225,52.21,73420840
2019-07-24,51.9175,52.2875,51.7925,52.1675,59966280
2019-07-25,52.2225,52.31,51.6825,51.755,55638240
2019-07-26,51.87,52.4325,51.785,51.935,70475480
2019-07-29,52.115,52.66,52.11,52.42,86693560
2019-07-30,52.19,52.54,51.8275,52.195,135742880
2019-07-31,54.105,55.3425,52.825,53.26,277125440
2019-08-01,53.475,54.5075,51.6859,52.1075,216071680
2019-08-02,51.3825,51.6075,50.4075,51.005,163448480
2019-08-05,49.4975,49.6623,48.145,48.335,209571880
2019-08-06,49.0775,49.5168,48.51,49.25,143299160
2019-08-07,48.8525,49.89,48.455,49.76,133457600
2019-08-08,50.05,50.8825,49.8475,50.8575,108038080
2019-08-09,50.325,50.69,49.8225,50.2475,98479000
2019-08-12,49.905,50.5129,49.7875,50.12,89927560
2019-08-13,50.255,53.035,50.2075,52.2425,190159160
2019-08-14,50.79,51.61,50.6467,50.6875,146189760
2019-08-15,50.865,51.285,49.9175,50.435,111533440
2019-08-16,51.07,51.79,50.96,51.625,115254480
2019-08-19,52.655,53.1827,52.5063,52.5875,97727680
2019-08-20,52.72,53.3375,52.58,52.59,107678120
2019-08-21,53.2475,53.4125,52.9008,53.16,86259000
2019-08-22,53.2975,53.6088,52.6875,53.115,89071280
2019-08-23,52.3575,53.0127,50.25,50.66,187531360
2019-08-26,51.465,51.7975,51.2643,51.6225,104264520
2019-08-27,51.965,52.1375,50.8825,51.04,103589360
2019-08-28,51.025,51.43,50.83,51.3825,63830520
2019-08-29,52.125,52.33,51.6638,52.2525,84030600
2019-08-30,52.54,52.6125,51.8,52.185,84650240
2019-09-03,51.6075,51.745,51.055,51.425,80238280
2019-09-04,52.0975,52.37,51.83,52.2975,76867280
2019-09-05,53,53.4925,52.8775,53.32,95787520
2019-09-06,53.5125,53.605,53.1275,53.315,77449160
2019-09-09,53.71,54.11,52.7675,53.5425,109237600
2019-09-10,53.465,54.195,52.9275,54.175,127111720
2019-09-11,54.5175,55.9275,54.4325,55.8975,177158600
2019-09-12,56.2,56.605,55.715,55.7713,128906680
2019-09-13,55,55.1975,54.255,54.6875,159053200
2019-09-16,54.4325,55.0325,54.39,54.975,84632560
2019-09-17,54.99,55.205,54.78,55.175,73545880
2019-09-18,55.265,55.7125,54.86,55.6925,102572360
2019-09-19,55.5025,55.94,55.0925,55.24,88751520
2019-09-20,55.345,55.64,54.3683,54.4325,231908360
2019-09-23,54.7375,54.96,54.4125,54.68,77678600
2019-09-24,55.2575,55.6225,54.2975,54.42,125737480
2019-09-25,54.6375,55.375,54.285,55.2575,89924040
2019-09-26,55,55.235,54.7075,54.9725,76353240
2019-09-27,55.135,55.24,54.3203,54.705,101445160
2019-09-30,55.225,56.145,55.1975,55.9925,105274320
2019-10-01,56.2675,57.055,56.05,56.1475,144748640
2019-10-02,55.765,55.895,54.4825,54.74,143069040
2019-10-03,54.6075,55.24,53.783,55.205,121410760
2019-10-04,56.41,56.8725,55.9725,56.7525,139022200
2019-10-07,56.5675,57.4825,56.46,56.765,123557080
2019-10-08,56.455,57.015,56.0825,56.1,117130800
2019-10-09,56.7575,56.9475,56.41,56.7575,76117680
2019-10-10,56.9825,57.61,56.825,57.5225,115851920
2019-10-11,58.2375,59.41,58.0769,59.0525,167960840
2019-10-14,58.725,59.5335,58.6675,58.9675,97653920
2019-10-15,59.0975,59.4125,58.72,58.83,92161920
2019-10-16,58.3425,58.81,58.3,58.5925,77146760
2019-10-17,58.7725,59.0375,58.38,58.82,69091600
2019-10-18,58.6475,59.395,58.5725,59.1025,97508680
2019-10-21,59.38,60.2475,59.33,60.1275,89469920
2019-10-22,60.29,60.55,59.9055,59.99,90736000
2019-10-23,60.525,60.81,60.305,60.795,79730200
2019-10-24,61.1275,61.2,60.4513,60.895,71665040
2019-10-25,60.79,61.6825,60.72,61.645,73477200
2019-10-28,61.855,62.3125,61.68,62.2625,96572960
2019-10-29,62.2425,62.4375,60.6425,60.8225,142839480
2019-10-30,61.19,61.325,60.3025,60.815,124522080
2019-10-31,61.81,62.2925,59.315,62.19,139162080
2019-11-01,62.385,63.9825,62.29,63.955,151125320
2019-11-04,64.3325,64.4613,63.845,64.375,103271800
2019-11-05,64.2625,64.5475,64.08,64.2825,79897720
2019-11-06,64.1925,64.3725,63.8413,64.31,75864480
2019-11-07,64.685,65.0875,64.5275,64.8575,94940320
2019-11-08,64.6725,65.11,64.2125,65.035,70082000
2019-11-11,64.575,65.6175,64.57,65.55,82029840
2019-11-12,65.3875,65.6975,65.23,65.49,87388920
2019-11-13,65.2825,66.195,65.2675,66.1175,103270360
2019-11-14,65.9375,66.22,65.525,65.66,89582240
2019-11-15,65.92,66.445,65.7525,66.44,100374680
2019-11-18,66.45,66.8575,66.0575,66.775,86803600
2019-11-19,66.975,67,66.3482,66.5725,76278400
2019-11-20,66.385,66.5208,65.1,65.7975,106439680
2019-11-21,65.9225,66.0012,65.295,65.5025,121395120
2019-11-22,65.6475,65.795,65.21,65.445,65325040
2019-11-25,65.6775,66.61,65.63,66.5925,84118080
2019-11-26,66.735,66.79,65.625,66.0725,105339520
2019-11-27,66.395,66.995,66.3275,66.96,65544480
2019-11-29,66.65,67,66.475,66.8125,46617440
2019-12-02,66.8175,67.0625,65.8625,66.04,94774200
2019-12-03,64.5775,64.8825,64.0725,64.8625,117509080
2019-12-04,65.2675,65.8275,65.17,65.435,67241560
2019-12-05,65.9475,66.4725,65.6825,66.395,74645360
2019-12-06,66.87,67.75,66.825,67.6775,106189960
2019-12-09,67.5,67.7,66.2275,66.73,128730600
2019-12-10,67.15,67.5175,66.465,67.12,90529520
2019-12-11,67.2025,67.775,67.125,67.6925,78893560
2019-12-12,66.945,68.14,66.8303,67.865,137748160
2019-12-13,67.865,68.825,67.7325,68.7875,133731240
2019-12-16,69.25,70.1975,69.245,69.965,128324440
2019-12-17,69.8925,70.4425,69.7,70.1025,114303200
2019-12-18,69.95,70.475,69.78,69.935,116098760
2019-12-19,69.875,70.295,69.7375,70.005,98507800
2019-12-20,70.5575,70.6625,69.64,69.86,276130960
2019-12-23,70.1325,71.0625,70.0934,71,98711520
2019-12-24,71.1725,71.2225,70.7299,71.0675,48478840
2019-12-26,71.205,72.495,71.175,72.4775,93336000
2019-12-27,72.78,73.4925,72.03,72.45,146371760
2019-12-30,72.365,73.1725,71.305,72.88,144238440
2019-12-31,72.4825,73.42,72.38,73.4125,100990520
2020-01-02,74.06,75.15,73.7975,75.0875,135647440
2020-01-03,74.2875,75.145,74.125,74.3575,146535520
2020-01-06,73.4475,74.99,73.1875,74.95,118578560
2020-01-07,74.96,75.225,74.37,74.5975,111510640
2020-01-08,74.29,76.11,74.289,75.7975,132363800
2020-01-09,76.8088,77.6075,76.55,77.4075,170486160
2020-01-10,77.65,78.1675,77.0625,77.5825,140869080
2020-01-13,77.91,79.2675,77.7875,79.24,122086880
2020-01-14,79.175,79.3925,78.0425,78.17,162613840
2020-01-15,77.9625,78.875,77.3875,77.835,121923520
2020-01-16,78.3975,78.925,78.0225,78.81,108829000
2020-01-17,79.0675,79.685,78.75,79.6825,137816480
2020-01-21,79.2975,79.755,79,79.1425,110843240
2020-01-22,79.645,79.9975,79.3275,79.425,101832480
2020-01-23,79.48,79.89,78.9125,79.8075,104471960
2020-01-24,80.0625,80.8325,79.3797,79.5775,146537520
2020-01-27,77.515,77.9425,76.22,77.2375,161940040
2020-01-28,78.15,79.6,78.0475,79.4225,162233960
2020-01-29,81.1125,81.9625,80.345,81.085,216599720
2020-01-30,80.136,81.0225,79.6875,80.9675,126743240
2020-01-31,80.2325,80.67,77.0725,77.3775,199588400
2020-02-03,76.075,78.3725,75.555,77.165,173985600
2020-02-04,78.8275,79.91,78.4086,79.7125,136616520
2020-02-05,80.88,81.19,79.7375,80.3625,118826880
2020-02-06,80.6425,81.305,80.0662,81.3025,105425560
2020-02-07,80.5925,80.85,79.5,80.0075,117684040
2020-02-10,78.545,80.3875,78.4625,80.3875,109348880
2020-02-11,80.9,80.975,79.6775,79.9025,94323120
2020-02-12,80.3675,81.805,80.3675,81.8,113730280
2020-02-13,81.0475,81.555,80.8375,81.2175,94747560
2020-02-14,81.185,81.495,80.7125,81.2375,80113800
2020-02-18,78.84,79.9375,78.6525,79.75,152762200
2020-02-19,80,81.1425,80,80.905,93983960
2020-02-20,80.6575,81.1625,79.5525,80.075,100565960
2020-02-21,79.655,80.1125,77.625,78.2625,129705680
2020-02-24,74.315,76.045,72.3075,74.545,222195320
2020-02-25,75.2375,75.6325,71.5325,72.02,230673440
2020-02-26,71.6325,74.47,71.625,73.1625,198713720
2020-02-27,70.275,71.5,68.24,68.38,320605520
2020-02-28,64.315,69.6025,64.0925,68.34,426884800
2020-03-02,70.57,75.36,69.43,74.7025,341397360
2020-03-03,75.9175,76,71.45,72.33,319475400
2020-03-04,74.11,75.85,73.2825,75.685,219178280
2020-03-05,73.88,74.8875,72.8525,73.23,187572880
2020-03-06,70.5,72.705,70.3075,72.2575,226177000
2020-03-09,65.9375,69.5225,65.75,66.5425,286744840
2020-03-10,69.285,71.61,67.3425,71.335,285290080
2020-03-11,69.3475,70.305,67.965,68.8575,256379880
2020-03-12,63.985,67.5,62,62.0575,418474000
2020-03-13,66.2225,69.98,63.2375,69.4925,370732120
2020-03-16,60.4875,64.77,60,60.5525,322423480
2020-03-17,61.8775,64.4025,59.6,63.215,324055880
2020-03-18,59.9425,62.5,59.28,61.6675,300233640
2020-03-19,61.8462,63.21,60.6525,61.195,271857040
2020-03-20,61.795,62.9575,57,57.31,401693200
2020-03-23,57.02,57.1249,53.1525,56.0925,336752840
2020-03-24,59.09,61.9225,58.575,61.72,287531080
2020-03-25,62.6875,64.5625,61.075,61.38,303602040
2020-03-26,61.63,64.67,61.59,64.61,252560680
2020-03-27,63.1875,63.9675,61.7625,61.935,204216600
2020-03-30,62.685,63.88,62.35,63.7025,167976440
2020-03-31,63.9,65.6225,63,63.5725,197002000
2020-04-01,61.625,62.18,59.7825,60.2275,176218560
2020-04-02,60.085,61.2875,59.225,61.2325,165933960
2020-04-03,60.7,61.425,59.7435,60.3525,129880080
2020-04-06,62.725,65.7775,62.345,65.6175,201820280
2020-04-07,67.7,67.925,64.75,64.8575,202887320
2020-04-08,65.685,66.8425,65.3075,66.5175,168895280
2020-04-09,67.175,67.5175,66.175,66.9975,162116480
2020-04-13,67.0775,68.425,66.4575,68.3125,131022920
2020-04-14,70,72.0625,69.5125,71.7625,194994680
2020-04-15,70.6,71.5825,70.1575,71.1075,131154560
2020-04-16,71.845,72.0494,70.5875,71.6725,157125160
2020-04-17,71.1725,71.7362,69.215,70.7,215249920
2020-04-20,69.4875,70.42,69.2125,69.2325,130015000
2020-04-21,69.07,69.3125,66.3575,67.0925,180991560
2020-04-22,68.4025,69.475,68.05,69.025,117057360
2020-04-23,68.9675,70.4375,68.7175,68.7575,124814320
2020-04-24,69.3,70.7525,69.25,70.7425,126508720
2020-04-27,70.45,71.135,69.9875,70.7925,117087560
2020-04-28,71.27,71.4575,69.55,69.645,112004760
2020-04-29,71.1825,72.4175,70.9725,71.9325,137280800
2020-04-30,72.49,73.6325,72.0875,73.45,183063880
2020-05-01,71.5625,74.75,71.4625,72.2675,240616720
2020-05-04,72.2925,73.4225,71.5793,73.29,133567960
2020-05-05,73.765,75.25,73.615,74.39,147751200
2020-05-06,75.115,75.81,74.7175,75.1575,142333760
2020-05-07,75.805,76.2925,75.4925,75.935,115215040
2020-05-08,76.41,77.5875,76.0725,77.5325,134047960
2020-05-11,77.025,79.2625,76.81,78.7525,145946240
2020-05-12,79.4575,79.922,77.7275,77.8525,162301040
2020-05-13,78.0375,78.9875,75.8025,76.9125,200622560
2020-05-14,76.1275,77.4475,75.3825,77.385,158929080
2020-05-15,75.0875,76.975,75.0525,76.9275,166348360
2020-05-18,78.2925,79.125,77.581,78.74,135372520
2020-05-19,78.7575,79.63,78.2525,78.285,101729560
2020-05-20,79.17,79.88,79.05,79.8075,111504880
2020-05-21,79.665,80.2225,78.9675,79.2125,102688840
2020-05-22,78.9425,79.8075,78.8375,79.7225,81803000
2020-05-26,80.875,81.06,79.125,79.1825,125521800
2020-05-27,79.035,79.6775,78.2725,79.5275,112945080
2020-05-28,79.1925,80.86,78.9075,79.5625,133796400
2020-05-29,79.8125,80.2875,79.1175,79.485,153598120
2020-06-01,79.4375,80.5875,79.3025,80.4625,81018600
2020-06-02,80.1863,80.86,79.7325,80.835,87642800
2020-06-03,81.165,81.55,80.575,81.28,104491200
2020-06-04,81.0975,81.405,80.195,80.58,87560360
2020-06-05,80.8375,82.9375,80.8075,82.875,137250200
2020-06-08,82.5625,83.4,81.83,83.365,95654520
2020-06-09,83.035,86.4025,83.0025,85.9975,147712360
2020-06-10,86.975,88.6925,86.5225,88.21,166651760
2020-06-11,87.3275,87.765,83.87,83.975,201662440
2020-06-12,86.18,86.95,83.5558,84.7,200146040
2020-06-15,83.3125,86.42,83.145,85.7475,138808920
2020-06-16,87.865,88.3,86.18,88.02,165428720
2020-06-17,88.7875,88.85,87.7725,87.8975,114406520
2020-06-18,87.8525,88.3625,87.305,87.9325,96820400
2020-06-19,88.6587,89.14,86.2875,87.43,264475800
2020-06-22,87.835,89.865,87.7875,89.7175,135445280
2020-06-23,91,93.095,90.5675,91.6325,212155480
2020-06-24,91.25,92.1975,89.63,90.015,192623400
2020-06-25,90.175,91.25,89.3925,91.21,137522520
2020-06-26,91.1025,91.33,88.255,88.4075,205256840
2020-06-29,88.3125,90.5434,87.82,90.445,130646080
2020-06-30,90.02,91.495,90,91.2,140223280
2020-07-01,91.28,91.84,90.9775,91.0275,110737240
2020-07-02,91.9625,92.6175,90.91,91.0275,114041480
2020-07-06,92.5,93.945,92.4675,93.4625,118655640
2020-07-07,93.8525,94.655,93.0575,93.1725,112424440
2020-07-08,94.18,95.375,94.09,95.3425,117091880
2020-07-09,96.2625,96.3175,94.6725,95.6825,125642600
2020-07-10,95.335,95.98,94.7052,95.92,90257320
2020-07-13,97.265,99.955,95.2575,95.4775,191649160
2020-07-14,94.84,97.255,93.8775,97.0575,170989360
2020-07-15,98.99,99.2475,96.49,97.725,153197920
2020-07-16,96.5625,97.405,95.905,96.5225,110577680
2020-07-17,96.9875,97.1475,95.84,96.3275,92186920
2020-07-20,96.4163,98.5,96.0625,98.3575,90317920
2020-07-21,99.1725,99.25,96.7425,97,103645840
2020-07-22,96.6925,97.975,96.6025,97.2725,89001640
2020-07-23,96.9985,97.0775,92.0097,92.845,197004440
2020-07-24,90.9875,92.97,89.145,92.615,185438880
2020-07-27,93.71,94.905,93.48,94.81,121214200
2020-07-28,94.3675,94.5497,93.2475,93.2525,103625520
2020-07-29,93.75,95.23,93.7125,95.04,90329240
2020-07-30,94.1875,96.2975,93.7675,96.19,158130040
2020-07-31,102.8838,106.415,100.825,106.26,374295480
2020-08-03,108.2,111.6364,107.8925,108.9375,308151400
2020-08-04,109.1325,110.79,108.3875,109.665,172792360
2020-08-05,109.3775,110.3925,108.8975,110.0625,121991960
2020-08-06,110.405,114.4125,109.7975,113.9025,202428920
2020-08-07,113.205,113.675,110.2925,111.1125,198045600
2020-08-10,112.6,113.775,110,112.7275,212403440
2020-08-11,111.9688,112.4825,109.1067,109.375,187902360
2020-08-12,110.4975,113.275,110.2975,113.01,165944840
2020-08-13,114.43,116.0425,113.9275,115.01,210082080
2020-08-14,114.8288,115,113.045,114.9075,165565200
2020-08-17,116.0625,116.0875,113.9625,114.6075,119561440
2020-08-18,114.3525,116,114.0075,115.5625,105633560
2020-08-19,115.9833,117.1625,115.61,115.7075,145538000
2020-08-20,115.75,118.392,115.7334,118.275,126907200
2020-08-21,119.2625,124.868,119.25,124.37,338054640
2020-08-24,128.6975,128.785,123.9363,125.8575,345937760
2020-08-25,124.6975,125.1793,123.0525,124.825,211495800
2020-08-26,126.1793,126.9925,125.0825,126.5225,163022280
2020-08-27,127.1425,127.485,123.8325,125.01,155552400
2020-08-28,126.0125,126.4425,124.5775,124.8075,187629920
2020-08-31,127.58,131,126,129.04,225702700
2020-09-01,132.76,134.8,130.53,134.18,152470100
2020-09-02,137.59,137.98,127,131.4,200119000
2020-09-03,126.91,128.84,120.5,120.88,257599600
2020-09-04,120.07,123.7,110.89,120.96,332607200
2020-09-08,113.95,118.99,112.68,112.82,231366600
2020-09-09,117.26,119.14,115.26,117.32,176940500
2020-09-10,120.36,120.5,112.5,113.49,182274400
2020-09-11,114.57,115.23,110,112,180860300
2020-09-14,114.72,115.93,112.8,115.355,140150100
2020-09-15,118.33,118.829,113.61,115.54,184642000
2020-09-16,115.23,116,112.04,112.13,155026700
2020-09-17,109.72,112.2,108.71,110.34,178011000
2020-09-18,110.4,110.88,106.09,106.84,287104900
2020-09-21,104.54,110.19,103.1,110.08,195713800
2020-09-22,112.68,112.86,109.16,111.81,183055400
2020-09-23,111.62,112.11,106.77,107.12,150718700
2020-09-24,105.17,110.25,105,108.22,167743300
2020-09-25,108.43,112.44,107.67,112.28,149981400
2020-09-28,115.01,115.32,112.78,114.96,137672400
2020-09-29,114.55,115.31,113.57,114.09,100060500
2020-09-30,113.79,117.26,113.62,115.81,142675200
2020-10-01,117.64,117.72,115.83,116.79,116120400
2020-10-02,112.89,115.37,112.22,113.02,144712000
2020-10-05,113.91,116.65,113.55,116.5,106243800
2020-10-06,115.7,116.12,112.25,113.16,161498200
2020-10-07,114.62,115.55,114.13,115.08,96848990
2020-10-08,116.25,116.4,114.5901,114.97,83477150
2020-10-09,115.28,117,114.92,116.97,100506900
2020-10-12,120.06,125.18,119.2845,124.4,240226800
2020-10-13,125.27,125.39,119.65,121.1,262330500
2020-10-14,121,123.03,119.62,121.19,151062300
2020-10-15,118.72,121.2,118.15,120.71,112559200
2020-10-16,121.28,121.548,118.81,119.02,115393800
2020-10-19,119.96,120.419,115.66,115.98,120639300
2020-10-20,116.2,118.98,115.63,117.51,124423700
2020-10-21,116.67,118.705,116.45,116.87,89945980
2020-10-22,117.45,118.04,114.59,115.75,101988000
2020-10-23,116.39,116.55,114.28,115.04,82572650
2020-10-26,114.01,116.55,112.88,115.05,111850700
2020-10-27,115.49,117.28,114.5399,116.6,92276770
2020-10-28,115.05,115.43,111.1,111.2,143937800
2020-10-29,112.37,116.93,112.2,115.32,146129200
2020-10-30,111.06,111.99,107.72,108.86,190573500
2020-11-02,109.11,110.68,107.32,108.77,122866900
2020-11-03,109.66,111.49,108.73,110.44,107624400
2020-11-04,114.14,115.59,112.35,114.95,138235500
2020-11-05,117.95,119.62,116.8686,119.03,126387100
2020-11-06,118.32,119.2,116.13,118.69,114457900
2020-11-09,120.5,121.99,116.05,116.32,154515300
2020-11-10,115.55,117.59,114.13,115.97,138023400
2020-11-11,117.19,119.63,116.44,119.49,112295000
2020-11-12,119.62,120.53,118.57,119.21,103350700
2020-11-13,119.44,119.6717,117.87,119.26,81688590
2020-11-16,118.92,120.99,118.146,120.3,91183020
2020-11-17,119.55,120.6741,118.96,119.39,74270970
2020-11-18,118.61,119.82,118,118.03,76322110
2020-11-19,117.59,119.06,116.81,118.64,74112970
2020-11-20,118.64,118.77,117.29,117.34,73604290
2020-11-23,117.18,117.6202,113.75,113.85,127959300
2020-11-24,113.91,115.85,112.59,115.17,113874200
2020-11-25,115.55,116.75,115.17,116.03,76499230
2020-11-27,116.57,117.49,116.22,116.59,46691330
2020-11-30,116.97,120.97,116.81,119.05,169410200
2020-12-01,121.01,123.4693,120.01,122.72,128166800
2020-12-02,122.02,123.37,120.89,123.08,89004200
2020-12-03,123.52,123.78,122.21,122.94,78967630
2020-12-04,122.6,122.8608,121.52,122.25,78260420
2020-12-07,122.31,124.57,122.25,123.75,86711990
2020-12-08,124.37,124.98,123.09,124.38,82225510
2020-12-09,124.53,125.95,121,121.78,115089200
2020-12-10,120.5,123.87,120.15,123.24,81312170
2020-12-11,122.43,122.76,120.55,122.41,86939790
2020-12-14,122.6,123.35,121.54,121.78,79075990
2020-12-15,124.34,127.9,124.13,127.88,157572300
2020-12-16,127.41,128.37,126.56,127.81,98208590
2020-12-17,128.9,129.58,128.045,128.7,94359810
2020-12-18,128.96,129.1,126.12,126.655,192541500
2020-12-21,125.02,128.31,123.449,128.23,121251600
2020-12-22,131.61,134.405,129.65,131.88,169351800
2020-12-23,132.16,132.43,130.78,130.96,88223690
2020-12-24,131.32,133.46,131.1,131.97,54930060
2020-12-28,133.99,137.34,133.51,136.69,124486200
2020-12-29,138.05,138.789,134.3409,134.87,121047300
2020-12-30,135.58,135.99,133.4,133.72,96452120
2020-12-31,134.08,134.74,131.72,132.69,99116590
2021-01-04,133.52,133.6116,126.76,129.41,143301900
2021-01-05,128.89,131.74,128.43,131.01,97664900
2021-01-06,127.72,131.0499,126.382,126.6,155088000
2021-01-07,128.36,131.63,127.86,130.92,109578200
2021-01-08,132.43,132.63,130.23,132.05,105158200
2021-01-11,129.19,130.17,128.5,128.98,100620900
2021-01-12,128.5,129.69,126.86,128.8,91951150
2021-01-13,128.76,131.45,128.49,130.89,88636830
2021-01-14,130.8,131,128.76,128.91,90221760
2021-01-15,128.78,130.2242,127,127.14,111598500
2021-01-19,127.78,128.71,126.938,127.83,90757330
2021-01-20,128.66,132.49,128.55,132.03,104319500
2021-01-21,133.8,139.67,133.59,136.87,120529500
2021-01-22,136.28,139.85,135.02,139.07,114459400
2021-01-25,143.07,145.09,136.54,142.92,157611700
2021-01-26,143.6,144.3,141.37,143.16,98390560
2021-01-27,143.43,144.3,140.41,142.06,140843800
2021-01-28,139.52,141.99,136.7,137.09,142621100
2021-01-29,135.83,136.74,130.21,131.96,177523800
2021-02-01,133.75,135.38,130.93,134.14,106239800
2021-02-02,135.73,136.31,134.61,134.99,83305370
2021-02-03,135.76,135.77,133.61,133.94,89880940
2021-02-04,136.3,137.4,134.59,137.39,84183060
2021-02-05,137.35,137.42,135.86,136.76,75693830
2021-02-08,136.03,136.96,134.92,136.91,71297210
2021-02-09,136.62,137.877,135.85,136.01,76774210
2021-02-10,136.48,136.99,134.4,135.39,73046560
2021-02-11,135.9,136.39,133.77,135.13,64280030
2021-02-12,134.35,135.53,133.6921,135.37,60145130
2021-02-16,135.49,136.01,132.79,133.19,80576320
2021-02-17,131.25,132.22,129.47,130.84,98085250
2021-02-18,129.2,129.995,127.41,129.71,96856750
2021-02-19,130.24,130.71,128.8,129.87,87668830
2021-02-22,128.01,129.72,125.6,126,103916400
2021-02-23,123.76,126.71,118.39,125.86,158273000
2021-02-24,124.94,125.56,122.23,125.35,111039900
2021-02-25,124.68,126.4585,120.54,120.99,148199500
2021-02-26,122.59,124.85,121.2,121.26,153848400
